og_ig,sample,transdecoder,genus-species,link,isoform,uniprot,genus-species,reference_proteome,other_transcriptome,tsa_accession,ncbi_genome_id,uniprot_proteome_id,uniprot_proteome_genome_assembly_id,data_download_link,,supergroup_unieuk,taxogroup1_unieuk,taxogroup2_unieuk,genus,species,uniprot_organism_name,uniprot_organism_id,protein_count,BUSCO,shallow_busco_db,broad_busco_db,complete_proteome_detector,taxonomic_lineage,,ncbi_taxid,total_sequence_length,total_ungapped_length,gc_count,gc_percent,biosample,n_chromosomes_ncbi,endosymbiont_chloroplast_mito,macro_micronuclear_genome,ploidy,ploidy_ref,n_chromosomes,n_chromosomes_ref,repro_mode,generation_time,generation_time_ref,brood_size (growth rate),brood_size_ref,max_volume,volume_ref,,Parasite_endosymbiont_pathogen,Culturable,Environment,Motile,Motility_type,Trophic_mode,Subphylum,Phylum,Citation,n_cells,n_cell_types,cell_citation,complexity_level,complexity_level
1,Plasmodium_falciparum_UP000001450,no,Plasmodium-falciparum,https://ftp.uniprot.org/pub/databases/uniprot/current_release/knowledgebase/reference_proteomes/Eukaryota/UP000001450/UP000001450_36329.fasta.gz,no,yes,Plasmodium-falciparum,TRUE,uniprot-ref,,,UP000001450,GCA_000002765.3,curl 'https://ftp.uniprot.org/pub/databases/uniprot/current_release/knowledgebase/reference_proteomes/Eukaryota/UP000001450/UP000001450_36329.fasta.gz' --output Plasmodium_falciparum.faa.gz,,Alveolata,Apicomplexa,coccidiomorphea,Plasmodium,falciparum,Plasmodium falciparum (isolate 3D7),36329,5372,"C:99.1%[S:98.0%,D:1.1%],F:0.0%,M:0.9%,n:3642",plasmodium_odb10,eukaryota_odb10,Standard,"Eukaryota, Sar, Alveolata, Apicomplexa, Aconoidasida, Haemosporida, Plasmodiidae, Plasmodium, Plasmodium (Laverania), Plasmodium falciparum",,36329,23292622,23292622,4505858,19,SAMN00102897,14,,,"1 (non-reproductive), 2 (reproductive)",https://doi.org/10.3389/fcimb.2021.660679,,,,,,,,,,,1,1,parasite,1,Gliding,Heterotroph,,Alveolates,Hedges_et_al,1,1,,2,2
2,Paramecium_tetraurelia_UP000000600,no,Paramecium-tetraurelia,https://ftp.uniprot.org/pub/databases/uniprot/current_release/knowledgebase/reference_proteomes/Eukaryota/UP000000600/UP000000600_5888.fasta.gz,no,yes,Paramecium-tetraurelia,TRUE,uniprot-ref,,,UP000000600,GCA_000165425.1,curl 'https://ftp.uniprot.org/pub/databases/uniprot/current_release/knowledgebase/reference_proteomes/Eukaryota/UP000000600/UP000000600_5888.fasta.gz' --output Paramecium_tetraurelia.faa.gz,,Alveolata,Ciliophora,Oligohymenophorea,Paramecium,tetraurelia,Paramecium tetraurelia,5888,39461,"C:98.8%[S:28.7%,D:70.2%],F:0.6%,M:0.6%,n:171",alveolata_odb10,eukaryota_odb10,Unknown,"Eukaryota, Sar, Alveolata, Ciliophora, Intramacronucleata, Oligohymenophorea, Peniculida, Parameciidae, Paramecium",,5888,72094543,71518182,20221709,28,SAMEA3138302,,,1,"1-2 (micronucleus), 800 (macronucleus)",https://doi.org/10.1101%2Fgr.074534.107,,,,,,,,2.62E-04,BOSO-micro,,0,1,mixed_aquatic,1,Swimming,Heterotroph,,Alveolates,Hedges_et_al,1,1,,2,2
3,Tetrahymena_thermophila_UP000009168,no,Tetrahymena-thermophila,https://ftp.uniprot.org/pub/databases/uniprot/current_release/knowledgebase/reference_proteomes/Eukaryota/UP000009168/UP000009168_312017.fasta.gz,no,yes,Tetrahymena-thermophila,TRUE,uniprot-ref,,,UP000009168,GCA_000189635.1,curl 'https://ftp.uniprot.org/pub/databases/uniprot/current_release/knowledgebase/reference_proteomes/Eukaryota/UP000009168/UP000009168_312017.fasta.gz' --output Tetrahymena_thermophila.faa.gz,,Alveolata,Ciliophora,Oligohymenophorea,Tetrahymena,thermophila,Tetrahymena thermophila (strain SB210),312017,26975,"C:98.2%[S:96.5%,D:1.8%],F:0.6%,M:1.2%,n:171",alveolata_odb10,eukaryota_odb10,Unknown,"Eukaryota, Sar, Alveolata, Ciliophora, Intramacronucleata, Oligohymenophorea, Hymenostomatida, Tetrahymenina, Tetrahymenidae, Tetrahymena, Tetrahymena thermophila",,312017,103014375,102950684,22974658,22,SAMN02953617,,,1,"2 (micronucleus), 45 (macronucleus)",https://doi.org/10.1534%2Fgenetics.114.169748,,,,,,,,3.80E-05,BOSO-micro,,0,1,freshwater,1,Swimming,Heterotroph,,Alveolates,Hedges_et_al,1,1,,2,2
4,Symbiodinium_sp_UP000643038,no,Symbiodinium-sp,https://ftp.uniprot.org/pub/databases/uniprot/current_release/knowledgebase/reference_proteomes/Eukaryota/UP000643038/UP000643038_631055.fasta.gz,no,yes,Symbiodinium sp,TRUE,uniprot-ref,,,UP000643038,GCA_905221615.1,curl 'https://ftp.uniprot.org/pub/databases/uniprot/current_release/knowledgebase/reference_proteomes/Eukaryota/UP000643038/UP000643038_631055.fasta.gz' --output Symbiodinium-sp.faa.gz,,Alveolata,Dinoflagellata,Dinophyceae,Symbiodinium,sp,Symbiodinium sp CCMP2592,631055,42645,"C:76.6% (S:67.3% D:9.4%) F:9.4% M:14%,n:171",alveolata_odb10,eukaryota_odb10,Unknown,"Eukaryota, Sar, Alveolata, Dinophyceae, Suessiales, Symbiodiniaceae, Symbiodinium, unclassified Symbiodinium",,631055,1103301044,1103134116,562661402,51,SAMEA7230703,,mito+chlor,0,1,https://doi.org/10.2307%2F1543491,26-97,https://doi.org/10.1111%2Fj.1529-8817.1987.tb02534.x,asexual,3-74 days,https://doi.org/10.3389/fmars.2018.00227,0.02-0.16 (doublings/day),https://doi.org/10.3389/fmars.2018.00227,1.82E-07,Lajeunesse_2017,,1,1,marine,1,Swimming,Autotroph,,Alveolates,Faktorova_et_al,1,1,,2,2
5,Perkinsus_marinus_UP000007800,no,Perkinsus-marinus,https://ftp.uniprot.org/pub/databases/uniprot/current_release/knowledgebase/reference_proteomes/Eukaryota/UP000007800/UP000007800_423536.fasta.gz,no,yes,Perkinsus-marinus,TRUE,uniprot-ref,,,UP000007800,GCA_000006405.1,curl 'https://ftp.uniprot.org/pub/databases/uniprot/current_release/knowledgebase/reference_proteomes/Eukaryota/UP000007800/UP000007800_423536.fasta.gz' --output Perkinsus_marinus.faa.gz,,Alveolata,Perkinsea,Perkinsea,Perkinsus,marinus,Perkinsus marinus (strain ATCC 50983 / TXsc),423536,23114,"C:96.5%[S:42.7%,D:53.8%],F:1.8%,M:1.8%,n:171",alveolata_odb10,eukaryota_odb10,Unknown,"Eukaryota, Sar, Alveolata, Perkinsozoa, Perkinsea, Perkinsida, Perkinsidae, Perkinsus, Perkinsus marinus",,423536,86605074,86045674,40795797,47,SAMN02953677,,,,2,https://doi.org/10.2307/3285738,,,,,,,,6.40E-08,https://en.wikipedia.org/wiki/Perkinsus_marinus,,1,1,marine,1,Amoeboid,Heterotroph,,Alveolates,Faktorova_et_al,1,1,,2,2
6,Entamoeba_histolytica_UP000001926,no,Entamoeba-histolytica,https://ftp.uniprot.org/pub/databases/uniprot/current_release/knowledgebase/reference_proteomes/Eukaryota/UP000001926/UP000001926_294381.fasta.gz,no,yes,Entamoeba-histolytica,TRUE,uniprot-ref,,,UP000001926,GCA_000208925.2,curl 'https://ftp.uniprot.org/pub/databases/uniprot/current_release/knowledgebase/reference_proteomes/Eukaryota/UP000001926/UP000001926_294381.fasta.gz' --output Entamoeba_histolytica.faa.gz,,Amoebozoa,Archamoebea,Entamoeba,Entamoeba,histolytica,Entamoeba histolytica (strain ATCC 30459 / HM-1:IMSS / ABRM),294381,7966,"C:52.5%[S:46.3%,D:6.3%],F:5.1%,M:42.4%,n:255",eukaryota_odb10,eukaryota_odb10,Unknown,"Eukaryota, Amoebozoa, Evosea, Archamoebae, Mastigamoebida, Entamoebidae, Entamoeba, Entamoeba histolytica",,294381,20835395,20771095,5046234,24,SAMN02953605,,,,"4 (variable within/among strains, and within genomes)",https://doi.org/10.1186/s12864-020-07167-9,,,,,,,,,,,1,1,parasite,1,Amoeboid,Heterotroph,,Amoebozoa,Hedges_et_al,1,1,,2,2
7,Dictyostelium_discoideum_UP000002195,no,Dictyostelium-discoideum,https://ftp.uniprot.org/pub/databases/uniprot/current_release/knowledgebase/reference_proteomes/Eukaryota/UP000002195/UP000002195_44689.fasta.gz,no,yes,Dictyostelium-discoideum,TRUE,uniprot-ref,,,UP000002195,GCA_000004695.1,curl 'https://ftp.uniprot.org/pub/databases/uniprot/current_release/knowledgebase/reference_proteomes/Eukaryota/UP000002195/UP000002195_44689.fasta.gz' --output Dictyostelium_discoideum.faa.gz,,Amoebozoa,Eumycetozoa,Dictyostelia,Dictyostelium,discoideum,Dictyostelium discoideum (Social amoeba),44689,12734,"C:93.7%[S:89.8%,D:3.9%],F:1.6%,M:4.7%,n:255",eukaryota_odb10,eukaryota_odb10,Unknown,"Eukaryota, Amoebozoa, Evosea, Eumycetozoa, Dictyostelia, Dictyosteliales, Dictyosteliaceae, Dictyostelium",,352472,34134454,34111454,7652003,22,SAMN02953606,6,,,2-Jan,https://doi.org/10.1073/pnas.69.2.495,,,,,,,,0.004367265,Heim_et_al_2017,,0,1,terrestrial,1,Amoeboid,Heterotroph,,Amoebozoa,Hedges_et_al,100000,3,Fisher_et_al_2013,2,2
8,Tetraselmis_striata_HBPS00000000.1,no,Tetraselmis-striata,https://sra-download.ncbi.nlm.nih.gov/traces/wgs01/wgs_aux/HB/PS/HBPS01/HBPS01.1.fsa_aa.gz,no,no,Tetraselmis-striata,,tsa-prot,HBPS00000000.1,,,,curl 'https://sra-download.ncbi.nlm.nih.gov/traces/wgs01/wgs_aux/HB/PS/HBPS01/HBPS01.1.fsa_aa.gz' --output Tetraselmis_striata.faa.gz,,Chloroplastida,Chlorophyta,Chlorodendrophyceae,Tetraselmis,striata,,,,,chlorophyta_odb10,eukaryota_odb10,,,,,,,,,,,,,,,,,,,,,,1.00E-06,"https://journals.asm.org/doi/10.1128/mra.00780-19#:~:text=These%20marine%20algae%20are%20approximately,Tetraselmis%20striata%20(formerly%20Platymonas).",,0,1,marine,1,Swimming,Autotroph,,Archaeplastids,Faktorova_et_al,1,1,,2,2
9,Chlamydomonas_reinhardtii_UP000006906,no,Chlamydomonas-reinhardtii,https://ftp.uniprot.org/pub/databases/uniprot/current_release/knowledgebase/reference_proteomes/Eukaryota/UP000006906/UP000006906_3055.fasta.gz,no,yes,Chlamydomonas-reinhardtii,TRUE,uniprot-ref,,,UP000006906,GCA_000002595.3,curl 'https://ftp.uniprot.org/pub/databases/uniprot/current_release/knowledgebase/reference_proteomes/Eukaryota/UP000006906/UP000006906_3055.fasta.gz' --output Chlamydomonas_reinhardtii.faa.gz,,Chloroplastida,Chlorophyta,Chlorophyceae,Chlamydomonas,reinhardtii,Chlamydomonas reinhardtii (Chlamydomonas smithii),3055,18829,"C:98.9%[S:92.9%,D:6.1%],F:0.3%,M:0.7%,n:1519",chlorophyta_odb10,eukaryota_odb10,Unknown,"Eukaryota, Viridiplantae, Chlorophyta, core chlorophytes, Chlorophyceae, CS clade, Chlamydomonadales, Chlamydomonadaceae, Chlamydomonas",,3055,111098438,107048224,68597433,64,SAMN02953692,17,mito+chlor,,1,,,,sexual+asexual,8-10 hours,https://doi.org/10.1073/pnas.1710597114,6-8 (doubling time - hours),"Harris, E.H. (2009) Chlamydomonas Sourcebook: Introduction to Chlamydomonas and Its Laboratory Use (Vol. 1), Academic Press",1.00E-06,BOSO-micro,,0,1,freshwater,1,Swimming,Autotroph,,Archaeplastids,Faktorova_et_al,1,1,,2,3
10,Volvox_carteri_UP000001058,no,Volvox-carteri,https://ftp.uniprot.org/pub/databases/uniprot/current_release/knowledgebase/reference_proteomes/Eukaryota/UP000001058/UP000001058_3068.fasta.gz,no,yes,Volvox-carteri,TRUE,uniprot-ref,,,UP000001058,GCA_000143455.1,curl 'https://ftp.uniprot.org/pub/databases/uniprot/current_release/knowledgebase/reference_proteomes/Eukaryota/UP000001058/UP000001058_3068.fasta.gz' --output Volvox_carteri.faa.gz,,Chloroplastida,Chlorophyta,Chlorophyceae,Volvox,carteri,Volvox carteri f. nagariensis,3068,14335,"C:96.6%[S:95.8%,D:0.9%],F:1.0%,M:2.4%,n:1519",chlorophyta_odb10,eukaryota_odb10,Unknown,"Eukaryota, Viridiplantae, Chlorophyta, core chlorophytes, Chlorophyceae, CS clade, Chlamydomonadales, Volvocaceae, Volvox, Volvox carteri",,3068,137684403,125467762,70227293,55.5,SAMN02953753,,,,,,,,,,,,,,,,0,1,freshwater,1,Swimming,Autotroph,,Chlorophyta,Ortega_escalante_et_al,2048,2,Fisher_et_al_2013,3,2
11,Bathycoccus_prasinos_UP000198341,no,Bathycoccus-prasinos,https://ftp.uniprot.org/pub/databases/uniprot/current_release/knowledgebase/reference_proteomes/Eukaryota/UP000198341/UP000198341_41875.fasta.gz,no,yes,Bathycoccus-prasinos,TRUE,uniprot-ref,,,UP000198341,GCA_002220235.1,curl 'https://ftp.uniprot.org/pub/databases/uniprot/current_release/knowledgebase/reference_proteomes/Eukaryota/UP000198341/UP000198341_41875.fasta.gz' --output Bathycoccus_prasinos.faa.gz,,Chloroplastida,Chlorophyta,Mamiellophyceae,Bathycoccus,prasinos,Bathycoccus prasinos,41875,7886,"C:96.6%[S:96.2%,D:0.4%],F:0.9%,M:2.6%,n:1519",chlorophyta_odb10,eukaryota_odb10,Unknown,"Eukaryota, Viridiplantae, Chlorophyta, Mamiellophyceae, Mamiellales, Bathycoccaceae, Bathycoccus",,41875,14958006,14940133,7182130,48,,19,,,1,https://doi.org/10.1093/molbev/msx119,,,,,,,,8.00E-09,"https://en.wikipedia.org/wiki/Bathycoccus_prasinos#:~:text=Bathycoccus%20prasinos%20is%20a%20picoplankton,and%20are%20covered%20in%20scales.",,0,1,marine,0,None,Autotroph,,Archaeplastids,Faktorova_et_al,1,1,,2,2
12,Micromonas_commoda_UP000002009,no,Micromonas-commoda,https://ftp.uniprot.org/pub/databases/uniprot/current_release/knowledgebase/reference_proteomes/Eukaryota/UP000002009/UP000002009_296587.fasta.gz,no,yes,Micromonas-commoda,TRUE,uniprot-ref,,,UP000002009,GCA_000090985.2,curl 'https://ftp.uniprot.org/pub/databases/uniprot/current_release/knowledgebase/reference_proteomes/Eukaryota/UP000002009/UP000002009_296587.fasta.gz' --output Micromonas_commoda.faa.gz,,Chloroplastida,Chlorophyta,Mamiellophyceae,Micromonas,commoda,Micromonas commoda (strain RCC299 / NOUM17 / CCMP2709) (Picoplanktonic green alga),296587,10115,"C:98.0%[S:97.2%,D:0.7%],F:1.1%,M:1.0%,n:1519",chlorophyta_odb10,eukaryota_odb10,Unknown,"Eukaryota, Viridiplantae, Chlorophyta, Mamiellophyceae, Mamiellales, Mamiellaceae, Micromonas",,296587,20989326,20989326,13427185,63.5,SAMN03081421,17,,,1,https://doi.org/10.3390%2Fgenes11010066,,,,,,,,8.00E-09,BOSO-micro,,0,1,marine,1,Swimming,Autotroph,,Archaeplastids,Faktorova_et_al,1,1,,2,2
13,Ostreococcus_tauri_UP000009170,no,Ostreococcus-tauri,https://ftp.uniprot.org/pub/databases/uniprot/current_release/knowledgebase/reference_proteomes/Eukaryota/UP000009170/UP000009170_70448.fasta.gz,no,yes,Ostreococcus-tauri,TRUE,uniprot-ref,,,UP000009170,GCA_000214015.2,curl 'https://ftp.uniprot.org/pub/databases/uniprot/current_release/knowledgebase/reference_proteomes/Eukaryota/UP000009170/UP000009170_70448.fasta.gz' --output Ostreococcus_tauri.faa.gz,,Chloroplastida,Chlorophyta,Mamiellophyceae,Ostreococcus,tauri,Ostreococcus tauri,70448,7745,"C:98.2%[S:98.0%,D:0.2%],F:0.5%,M:1.3%,n:1519",chlorophyta_odb10,eukaryota_odb10,Unknown,"Eukaryota, Viridiplantae, Chlorophyta, Mamiellophyceae, Mamiellales, Bathycoccaceae, Ostreococcus",,70448,12916858,12907318,7664822,59,SAMEA3138397,20,,,1,https://doi.org/10.1093%2Fnargab%2Flqaa080,,,,,,,,1.00E-09,"http://bioinformatics.psb.ugent.be/genomes/view/Ostreococcus-tauri#:~:text=Ostreococcus%20tauri%20is%20a%20unicellular,eukaryotic%20organism%20described%20until%20now.",,0,1,marine,0,None,Autotroph,,Archaeplastids,Faktorova_et_al,1,1,,2,2
14,Chlorella_vulgaris_UP001055712,no,Chlorella-vulgaris,https://ftp.ncbi.nlm.nih.gov/genomes/all/GCA/023/343/905/GCA_023343905.1_cvul/GCA_023343905.1_cvul_protein.faa.gz,no,no,Chlorella-vulgaris,FALSE,uniprot-nonref,,,UP001055712,GCA_023343905.1,curl 'https://rest.uniprot.org/uniprotkb/stream?format=fasta&query=%28%28proteome%3AUP001055712%29+AND+%28proteomecomponent%3A%22Unassembled+WGS+sequence%22%29%29' --output Chlorella_vulgaris.faa,,Chloroplastida,Chlorophyta,Trebouxiophyceae,Chlorella,vulgaris,Chlorella vulgaris (Green alga),3077,11003,"C:98.9% (S:96.5% D:2.4%) F:0.2% M:0.9%,n:1519",chlorophyta_odb10,eukaryota_odb10,Unknown,"Eukaryota (eucaryotes), Viridiplantae, Chlorophyta (green algae), core chlorophytes, Trebouxiophyceae, Chlorellales, Chlorellaceae, Chlorella clade, Chlorella",,3077,40180792,39545849,24438764,61.5,SAMN10227765,,mito+chlor,,1,,16,,asexual,,,4.2 (doubling time in days),"El-Ibiari, N. N., et al. ""Kinetic study for growth of Phormedium Sp. and Chlorella Vulgaris."" International Journal of ChemTech Research 8.9 (2015): 284-289.",2.50E-07,"https://pubs.rsc.org/en/content/articlehtml/2017/ra/c6ra25837a#:~:text=Chlorella%20is%20a%20unicellular%20green,half%20of%20the%20cell%20volume.",,0,1,freshwater,0,None,Autotroph,,Archaeplastids,Faktorova_et_al,1,1,,2,2
15,Diplonema_papillatum_GCA_030068145.1,no,Diplonema-papillatum,https://ftp.ncbi.nlm.nih.gov/genomes/all/GCA/030/068/145/GCA_030068145.1_Dp_PB-MI_190104_dedup_cut_l100/GCA_030068145.1_Dp_PB-MI_190104_dedup_cut_l100_protein.faa.gz,no,no,Diplonema-papillatum,,,,GCA_030068145.1,,,"curl -OJX GET ""https://api.ncbi.nlm.nih.gov/datasets/v2alpha/genome/accession/GCA_030068145.1/download?include_annotation_type=GENOME_GFF,PROT_FASTA&filename=GCA_030068145.1.zip"" -H ""Accept: application/zip"" --output Diplonema_papillatum.tar.gz",,Euglenozoa,Diplonemea,Diplonemidae,Diplonema,papillatum,,,,,euglenozoa_odb10,eukaryota_odb10,,,,,,,,,,,,,,,,,,,,,,8.00E-06,https://en.wikipedia.org/wiki/Diplonemidae,,0,1,marine,1,Swimming,Heterotroph,,Discobans,Faktorova_et_al,1,1,,2,2
16,Euglena_gracilis_GEFR00000000.1,yes,Euglena-gracilis,https://sra-download.ncbi.nlm.nih.gov/traces/wgs03/wgs_aux/GE/FR/GEFR01/GEFR01.1.fsa_nt.gz,no,no,Euglena-gracilis,,tsa-nuc,GEFR00000000.1,,,,curl 'https://sra-download.ncbi.nlm.nih.gov/traces/wgs03/wgs_aux/GE/FR/GEFR01/GEFR01.1.fsa_nt.gz' --output Euglena_gracilis.faa.gz,,Euglenozoa,Euglenida,core-euglenids,Euglena,gracilis,,,,,euglenozoa_odb10,eukaryota_odb10,,,,,,,,,,,,,,,,,,,,,,6.95E-06,BOSO-micro,,0,1,freshwater,1,Swimming,Mixotroph,,Euglenozoa,Hedges_et_al,1,1,,2,2
17,Bodo_saltans_UP000051952,no,Bodo-saltans,https://ftp.uniprot.org/pub/databases/uniprot/current_release/knowledgebase/reference_proteomes/Eukaryota/UP000051952/UP000051952_75058.fasta.gz,no,yes,Bodo-saltans,TRUE,uniprot-ref,,,UP000051952,GCA_001460835.1,curl 'https://ftp.uniprot.org/pub/databases/uniprot/current_release/knowledgebase/reference_proteomes/Eukaryota/UP000051952/UP000051952_75058.fasta.gz' --output Bodo_saltans.faa.gz,,Euglenozoa,Kinetoplastea,Metakinetoplastina,Bodo,saltans,Bodo saltans (Flagellated protozoan),75058,18124,"C:88.5%[S:86.2%,D:2.3%],F:9.2%,M:2.3%,n:130",euglenozoa_odb10,eukaryota_odb10,Outlier (high value),"Eukaryota, Discoba, Euglenozoa, Kinetoplastea, Metakinetoplastina, Eubodonida, Bodonidae, Bodo",,75058,39864394,38556050,19968747,51.5,SAMEA880062,,,,,?,,,,,,,,4.95E-08,BOSO-micro,,0,1,mixed_aquatic,1,Swimming,Heterotroph,,Discobans,Faktorova_et_al,1,1,,2,2
18,Giardia_intestinalis_UP000001548,no,Giardia-intestinalis,https://ftp.uniprot.org/pub/databases/uniprot/current_release/knowledgebase/reference_proteomes/Eukaryota/UP000001548/UP000001548_184922.fasta.gz,no,yes,Giardia-intestinalis,TRUE,uniprot-ref,,,UP000001548,GCA_000002435.2,curl 'https://ftp.uniprot.org/pub/databases/uniprot/current_release/knowledgebase/reference_proteomes/Eukaryota/UP000001548/UP000001548_184922.fasta.gz' --output Giardia_intestinalis.faa.gz,,Fornicata,Fornicata,Fornicata,Giardia,intestinalis,Giardia intestinalis (strain ATCC 50803 / WB clone C6) (Giardia lamblia),184922,4900,"C:23.9%[S:23.1%,D:0.8%],F:5.9%,M:70.2%,n:255",eukaryota_odb10,eukaryota_odb10,Unknown,"Eukaryota, Metamonada, Fornicata, Diplomonadida, Hexamitidae, Giardiinae, Giardia, Giardia intestinalis",,5741,12078186,11673475,5804682,49.5,SAMN02952905,5,,,"4 (trophozoites), 8 (cysts)",,,,,,,,,7.38E-07,,,1,1,parasite,1,Swimming,Heterotroph,,Euglenozoa,Hedges_et_al,1,1,,2,2
19,Isochrysis_galbana_HBOM00000000.1,no,Isochrysis-galbana,https://sra-download.ncbi.nlm.nih.gov/traces/wgs01/wgs_aux/HB/OM/HBOM01/HBOM01.1.fsa_aa.gz,no,no,Isochrysis-galbana,,tsa-prot,HBOM00000000.1,,,,curl 'https://sra-download.ncbi.nlm.nih.gov/traces/wgs01/wgs_aux/HB/OM/HBOM01/HBOM01.1.fsa_aa.gz' --output Isochrysis_galbana.faa.gz,,Haptophyta,Prymnesiophyceae,Prymnesiophyceae,Isochrysis,galbana,,,,,eukaryota_odb10,eukaryota_odb10,,,,,,,,,,,,,,,,,,,,,,7.20E-08,"https://www.sciencedirect.com/topics/immunology-and-microbiology/isochrysis-galbana#:~:text=Isochrysis%20galbana%20is%20a%20unicellular,2.5%20to%203%20%CE%BCm%20thick.",,0,1,marine,1,Swimming,Autotroph,,Haptophytans,Faktorova_et_al,1,1,,2,2
20,Naegleria_gruberi_UP000006671,no,Naegleria-gruberi,https://ftp.uniprot.org/pub/databases/uniprot/current_release/knowledgebase/reference_proteomes/Eukaryota/UP000006671/UP000006671_5762.fasta.gz,no,yes,Naegleria-gruberi,TRUE,uniprot-ref,,,UP000006671,GCA_000004985.1,curl 'https://ftp.uniprot.org/pub/databases/uniprot/current_release/knowledgebase/reference_proteomes/Eukaryota/UP000006671/UP000006671_5762.fasta.gz' --output Naegleria_gruberi.faa.gz,,Heterolobosea,Heterolobosea,Heterolobosea,Naegleria,gruberi,Naegleria gruberi (Amoeba),5762,15636,"C:79.6%[S:77.6%,D:2.0%],F:8.2%,M:12.2%,n:255",eukaryota_odb10,eukaryota_odb10,Unknown,"Eukaryota, Discoba, Heterolobosea, Tetramitia, Eutetramitia, Vahlkampfiidae, Naegleria",,5762,40964085,36295316,12031666,33,SAMN02953745,,,,"2 (Strain NEG), 4 (Strain NEG-M)",https://doi.org/10.1016%2Fj.resmic.2011.03.003,,,,,,,,1.38E-05,https://arcella.nl/naegleria-gruberi/,,0,1,mixed,1,Mixed,Heterotroph,,Discobans,Faktorova_et_al,1,1,,2,2
21,Monosiga_brevicollis_UP000001357,no,Monosiga-brevicollis,https://ftp.uniprot.org/pub/databases/uniprot/current_release/knowledgebase/reference_proteomes/Eukaryota/UP000001357/UP000001357_81824.fasta.gz,no,yes,Monosiga-brevicollis,TRUE,uniprot-ref,,,UP000001357,GCA_000002865.1,curl 'https://ftp.uniprot.org/pub/databases/uniprot/current_release/knowledgebase/reference_proteomes/Eukaryota/UP000001357/UP000001357_81824.fasta.gz' --output Monosiga_brevicollis.faa.gz,,Opisthokonta,Choanoflagellata,Craspedida,Monosiga,brevicollis,Monosiga brevicollis (Choanoflagellate),81824,9188,"C:78.8%[S:78.8%,D:0.0%],F:7.5%,M:13.7%,n:255",eukaryota_odb10,eukaryota_odb10,Unknown,"Eukaryota, Opisthokonta, Choanoflagellata, Craspedida, Salpingoecidae, Monosiga",,431895,41633360,38648938,21214381,54.5,SAMN02953695,,,,,,,,,,,,,1.91E-07,Heim_et_al_2017,,0,1,marine,1,Swimming,Heterotroph,Choanoflagellata,Opisthokonts,Hedges_et_al,1.00E+00,1,Hoffmeyer_&_Burkhardt_2016,2,2
22,Salpingoeca_rosetta_UP000007799,no,Salpingoeca-rosetta,https://ftp.uniprot.org/pub/databases/uniprot/current_release/knowledgebase/reference_proteomes/Eukaryota/UP000007799/UP000007799_946362.fasta.gz,no,yes,Salpingoeca-rosetta,TRUE,uniprot-ref,,,UP000007799,GCA_000188695.1,curl 'https://ftp.uniprot.org/pub/databases/uniprot/current_release/knowledgebase/reference_proteomes/Eukaryota/UP000007799/UP000007799_946362.fasta.gz' --output Salpingoeca_rosetta.faa.gz,,Opisthokonta,Choanoflagellata,Craspedida,Salpingoeca,rosetta,Salpingoeca rosetta (strain ATCC 50818 / BSB-021),946362,11698,"C:83.1%[S:82.7%,D:0.4%],F:6.7%,M:10.2%,n:255",eukaryota_odb10,eukaryota_odb10,Unknown,"Eukaryota, Opisthokonta, Choanoflagellata, Craspedida, Salpingoecidae, Salpingoeca",,946362,55440309,51703572,28958390,56,SAMN00013333,,,,"1,2 (alternating - switch to diploid when nutrient limited)",https://doi.org/10.1016/j.cub.2013.08.061,,,,,,,,1.00E-06,http://cfb.unh.edu/phycokey/Choices/Amoebae_Flagellates_Ciliates/Choanoflagellates/SALPINGOECA/Salpingoeca_key.html,,0,1,marine,1,Swimming,Heterotroph,Choanoflagellata,Opisthokonts,Faktorova_et_al,29,5,"Dayel_et_al_2011, Fisher_et_al_2013",2,2
23,Aspergillus_nidulans_UP000000560,no,Aspergillus-nidulans,https://ftp.uniprot.org/pub/databases/uniprot/current_release/knowledgebase/reference_proteomes/Eukaryota/UP000000560/UP000000560_227321.fasta.gz,no,yes,Aspergillus-nidulans,TRUE,uniprot-ref,,,UP000000560,GCA_000011425.1,curl 'https://ftp.uniprot.org/pub/databases/uniprot/current_release/knowledgebase/reference_proteomes/Eukaryota/UP000000560/UP000000560_227321.fasta.gz' --output Aspergillus_nidulans.faa.gz,,Opisthokonta,Fungi,Ascomycota,Aspergillus,nidulans,Emericella nidulans (strain FGSC A4 / ATCC 38163 / CBS 112.46 / NRRL 194 / M139) (Aspergillus nidulans),227321,10561,"C:94.2%[S:94.0%,D:0.2%],F:2.0%,M:3.8%,n:4191",eurotiales_odb10,eukaryota_odb10,Standard,"Eukaryota, Opisthokonta, Fungi, Dikarya, Ascomycota, saccharomyceta, Pezizomycotina, leotiomyceta, Eurotiomycetes, Eurotiomycetidae, Eurotiales, Aspergillaceae, Aspergillus, Aspergillus subgen. Nidulantes, Emericella nidulans",,227321,29828291,29817824,15018126,50,SAMEA2272224,8,,,2,,,,,,,,,,,,0,1,mixed,0,None,Heterotroph,Ascomycota,Opisthokonts,Hedges_et_al,50000,6,"Yu_2010, mycobiology",2,2
24,Candida_albicans_UP000000559,no,Candida-albicans,https://ftp.uniprot.org/pub/databases/uniprot/current_release/knowledgebase/reference_proteomes/Eukaryota/UP000000559/UP000000559_237561.fasta.gz,no,yes,Candida-albicans,TRUE,uniprot-ref,,,UP000000559,GCA_000182965.3,curl 'https://ftp.uniprot.org/pub/databases/uniprot/current_release/knowledgebase/reference_proteomes/Eukaryota/UP000000559/UP000000559_237561.fasta.gz' --output Candida_albicans.faa.gz,,Opisthokonta,Fungi,Ascomycota,Candida,albicans,Candida albicans (strain SC5314 / ATCC MYA-2876) (Yeast),237561,6036,"C:98.8%[S:98.4%,D:0.5%],F:0.7%,M:0.5%,n:2137",saccharomycetes_odb10,eukaryota_odb10,Standard,"Eukaryota, Opisthokonta, Fungi, Dikarya, Ascomycota, saccharomyceta, Saccharomycotina, Saccharomycetes, Saccharomycetales, CUG-Ser1 clade, Debaryomycetaceae, Candida/Lodderomyces clade, Candida, Candida albicans",,237561,14282666,14276407,4775607,33,SAMN02953594,8,,,,https://doi.org/10.1128/jb.140.3.1043-1049.1979,,,asexual,https://doi.org/10.1128/jb.140.3.1043-1049.1979,,,,,,,1,1,terrestrial,0,None,Heterotroph,Ascomycota,Opisthokonts,Hedges_et_al,1,1,,2,2
25,Neurospora_crassa_UP000001805,no,Neurospora-crassa,https://ftp.uniprot.org/pub/databases/uniprot/current_release/knowledgebase/reference_proteomes/Eukaryota/UP000001805/UP000001805_367110.fasta.gz,no,yes,Neurospora-crassa,TRUE,uniprot-ref,,,UP000001805,GCA_000182925.2,curl 'https://ftp.uniprot.org/pub/databases/uniprot/current_release/knowledgebase/reference_proteomes/Eukaryota/UP000001805/UP000001805_367110.fasta.gz' --output Neurospora_crassa.faa.gz,,Opisthokonta,Fungi,Ascomycota,Neurospora,crassa,Neurospora crassa (strain ATCC 24698 / 74-OR23-1A / CBS 708.71 / DSM 1257 / FGSC 987),367110,10256,"C:99.2%[S:87.5%,D:11.7%],F:0.2%,M:0.5%,n:3817",sordariomycetes_odb10,eukaryota_odb10,Outlier (high value),"Eukaryota, Opisthokonta, Fungi, Dikarya, Ascomycota, saccharomyceta, Pezizomycotina, leotiomyceta, sordariomyceta, Sordariomycetes, Sordariomycetidae, Sordariales, Sordariaceae, Neurospora, Neurospora crassa",,367110,41037538,40996763,19781973,48,SAMN02953583,7,,,1,,,,,,,,,,,,0,1,terrestrial,0,None,Heterotroph,Ascomycota,Opisthokonts,Hedges_et_al,15000,7,"Fisher_et_al_2013, estimate",3,3
26,Penicillium_chrysogenum_UP000000724,no,Penicillium-chrysogenum,https://ftp.uniprot.org/pub/databases/uniprot/current_release/knowledgebase/reference_proteomes/Eukaryota/UP000000724/UP000000724_500485.fasta.gz,no,yes,Penicillium-chrysogenum,TRUE,uniprot-ref,,,UP000000724,GCA_000226395.1,curl 'https://ftp.uniprot.org/pub/databases/uniprot/current_release/knowledgebase/reference_proteomes/Eukaryota/UP000000724/UP000000724_500485.fasta.gz' --output Penicillium_chrysogenum.faa.gz,,Opisthokonta,Fungi,Ascomycota,Penicillium,chrysogenum,Penicillium rubens (strain ATCC 28089 / DSM 1075 / NRRL 1951 / Wisconsin 54-1255) (Penicillium chrysogenum),500485,12788,"C:97.2%[S:96.8%,D:0.4%],F:0.4%,M:2.4%,n:4191",eurotiales_odb10,eukaryota_odb10,Outlier (high value),"Eukaryota, Opisthokonta, Fungi, Dikarya, Ascomycota, saccharomyceta, Pezizomycotina, leotiomyceta, Eurotiomycetes, Eurotiomycetidae, Eurotiales, Aspergillaceae, Penicillium, Penicillium chrysogenum species complex, Penicillium rubens",,500485,32223735,32204435,15766964,48.5,SAMEA2272345,1,,,"1 (vegetative), 2 (reproductive)",,,,,,,,,,,,0,1,mixed,0,None,Heterotroph,Ascomycota,Opisthokonts,Hedges_et_al,15000,7,"Fisher_et_al_2013, estimate",3,3
27,Saccharomyces_cerevisiae_UP000002311,no,Saccharomyces-cerevisiae,https://ftp.uniprot.org/pub/databases/uniprot/current_release/knowledgebase/reference_proteomes/Eukaryota/UP000002311/UP000002311_559292.fasta.gz,no,yes,Saccharomyces-cerevisiae,TRUE,uniprot-ref,,,UP000002311,GCA_000146045.2,curl 'https://ftp.uniprot.org/pub/databases/uniprot/current_release/knowledgebase/reference_proteomes/Eukaryota/UP000002311/UP000002311_559292.fasta.gz' --output Saccharomyces_cerevisiae.faa.gz,,Opisthokonta,Fungi,Ascomycota,Saccharomyces,cerevisiae,Saccharomyces cerevisiae (strain ATCC 204508 / S288c) (Baker's yeast),559292,6060,"C:99.6%[S:97.4%,D:2.2%],F:0.1%,M:0.3%,n:2137",saccharomycetes_odb10,eukaryota_odb10,Outlier (high value),"Eukaryota, Opisthokonta, Fungi, Dikarya, Ascomycota, saccharomyceta, Saccharomycotina, Saccharomycetes, Saccharomycetales, Saccharomycetaceae, Saccharomyces, Saccharomyces cerevisiae",,559292,12071326,12071326,4623000,38,,16,,,2-Jan,,,,,,,,,,,,0,1,terrestrial,0,None,Heterotroph,Ascomycota,Opisthokonts,Faktorova_et_al,1,1,,2,2
28,Schizosaccharomyces_pombe_UP000002485,no,Schizosaccharomyces-pombe,https://ftp.uniprot.org/pub/databases/uniprot/current_release/knowledgebase/reference_proteomes/Eukaryota/UP000002485/UP000002485_284812.fasta.gz,no,yes,Schizosaccharomyces-pombe,TRUE,uniprot-ref,,,UP000002485,GCA_000002945.2,curl 'https://ftp.uniprot.org/pub/databases/uniprot/current_release/knowledgebase/reference_proteomes/Eukaryota/UP000002485/UP000002485_284812.fasta.gz' --output Schizosaccharomyces_pombe.faa.gz,,Opisthokonta,Fungi,Ascomycota,Schizosaccharomyces,pombe,Schizosaccharomyces pombe (strain 972 / ATCC 24843) (Fission yeast),284812,5122,"C:81.8%[S:79.0%,D:2.8%],F:1.4%,M:16.8%,n:1706",ascomycota_odb10,eukaryota_odb10,Unknown,"Eukaryota, Opisthokonta, Fungi, Dikarya, Ascomycota, Taphrinomycotina, Schizosaccharomycetes, Schizosaccharomycetales, Schizosaccharomycetaceae, Schizosaccharomyces, Schizosaccharomyces pombe",,4896,12571820,12571420,4533196,36,SAMEA3138176,3,,,"1 (vegetative), 2 (reproductive)",,,,asexual+sexual (primarily asexual),,,,,,,,0,1,terrestrial,0,None,Heterotroph,Ascomycota,Opisthokonts,Hedges_et_al,1,1,,2,2
29,Yarrowia_lipolytica_UP000001300,no,Yarrowia-lipolytica,https://ftp.uniprot.org/pub/databases/uniprot/current_release/knowledgebase/reference_proteomes/Eukaryota/UP000001300/UP000001300_284591.fasta.gz,no,yes,Yarrowia-lipolytica,TRUE,uniprot-ref,,,UP000001300,GCA_000002525.1,curl 'https://ftp.uniprot.org/pub/databases/uniprot/current_release/knowledgebase/reference_proteomes/Eukaryota/UP000001300/UP000001300_284591.fasta.gz' --output Yarrowia_lipolytica.faa.gz,,Opisthokonta,Fungi,Ascomycota,Yarrowia,lipolytica,Yarrowia lipolytica (strain CLIB 122 / E 150) (Yeast) (Candida lipolytica),284591,6454,"C:95.6%[S:95.2%,D:0.5%],F:1.3%,M:3.0%,n:2137",saccharomycetes_odb10,eukaryota_odb10,Outlier (high value),"Eukaryota, Opisthokonta, Fungi, Dikarya, Ascomycota, saccharomyceta, Saccharomycotina, Saccharomycetes, Saccharomycetales, Dipodascaceae, Yarrowia, Yarrowia lipolytica",,284591,20502981,20501837,10056963,49,SAMEA3138171,6,,,1 (typical in nature - diploid strains exist),https://doi.org/10.1128%2FJB.183.10.3098-3107.2001,,,sexual+asexual (primarily asexual),"Barth G, Gaillardin C. The dimorphic fungus Yarrowia lipolytica. In: Wolf K, editor. Non-conventional yeasts in biotechnology. Heidelberg, Germany: Springer; 1996. pp. 313–388.",,,,,,,0,1,terrestrial,0,None,Heterotroph,Ascomycota,Opisthokonts,Hedges_et_al,1,1,,2,2
30,Agaricus_bisporus_UP000629468,no,Agaricus-bisporus,https://ftp.uniprot.org/pub/databases/uniprot/current_release/knowledgebase/reference_proteomes/Eukaryota/UP000629468/UP000629468_192524.fasta.gz,no,yes,Agaricus-bisporus,TRUE,uniprot-ref,,,UP000629468,GCA_014872705.1,curl 'https://ftp.uniprot.org/pub/databases/uniprot/current_release/knowledgebase/reference_proteomes/Eukaryota/UP000629468/UP000629468_192524.fasta.gz' --output Agaricus_bisporus.faa.gz,,Opisthokonta,Fungi,Basidiomycota,Agaricus,bisporus,Agaricus bisporus var. burnettii,192524,11675,"C:94.1%[S:93.5%,D:0.6%],F:1.4%,M:4.4%,n:3870",agaricales_odb10,eukaryota_odb10,Close to standard (low value),"Eukaryota, Opisthokonta, Fungi, Dikarya, Basidiomycota, Agaricomycotina, Agaricomycetes, Agaricomycetidae, Agaricales, Agaricineae, Agaricaceae, Agaricus, Agaricus bisporus",,192524,30702502,30702502,14319097,46.5,SAMN15043479,13,,,"dikayotic (vegetative), diploid/haploid (in separate phases of reproduction)",,,,,,,,,,,,0,1,terrestrial,0,None,Heterotroph,Ascomycota,Opisthokonts,Hedges_et_al,15000,7,"Fisher_et_al_2013, estimate",3,3
31,Ustilago_maydis_UP000000561,no,Ustilago-maydis,https://ftp.uniprot.org/pub/databases/uniprot/current_release/knowledgebase/reference_proteomes/Eukaryota/UP000000561/UP000000561_237631.fasta.gz,no,yes,Ustilago-maydis,TRUE,uniprot-ref,,,UP000000561,GCA_000328475.2,curl 'https://ftp.uniprot.org/pub/databases/uniprot/current_release/knowledgebase/reference_proteomes/Eukaryota/UP000000561/UP000000561_237631.fasta.gz' --output Ustilago_maydis.faa.gz,,Opisthokonta,Fungi,Basidiomycota,Ustilago,maydis,Ustilago maydis (strain 521 / FGSC 9021) (Corn smut fungus),237631,6805,"C:99.4%[S:99.3%,D:0.1%],F:0.2%,M:0.3%,n:1764",basidiomycota_odb10,eukaryota_odb10,Unknown,"Eukaryota, Opisthokonta, Fungi, Dikarya, Basidiomycota, Ustilaginomycotina, Ustilaginomycetes, Ustilaginales, Ustilaginaceae, Ustilago, Ustilago maydis",,237631,19664356,19641656,10612706,54,SAMN02900459,23,,,"2 (teleospores), dikaryotic (hyphae - two haploid nuclei)","https://mycocosm.jgi.doe.gov/Ustma2_2/Ustma2_2.home.html#:~:text=Ustilago%20maydis%2C%20also%20known%20as,sac%20containing%20resting%2C%20diploid%20teliospores.",,,sexual,"Bölker, Michael, Martin Urban, and Regine Kahmann. ""The a mating type locus of U. maydis specifies cell signaling components."" Cell 68.3 (1992): 441-450.",,,,,,,1,1,terrestrial,0,None,Heterotroph,Ascomycota,Opisthokonts,Hedges_et_al,15000,7,"Fisher_et_al_2013, estimate",3,3
32,Abeoforma_whisleri_figshare,no,Abeoforma-whisleri,https://figshare.com/ndownloader/files/9362434,no,no,Abeoforma-whisleri,,dryad,,,,,wget https://figshare.com/ndownloader/files/9362434 -O Abeoforma_whisleri.faa.gz,,Opisthokonta,Ichthyosporea,Ichthyophonida,Abeoforma,whisleri,,,,,eukaryota_odb10,eukaryota_odb10,,,,,,,,,,,,,,,,,,,,,,0.008,estimate; https://en.wikipedia.org/wiki/Pirum_gemmata,,0,1,marine,1,Amoeboid,Heterotroph,Ichthyosporea,Opisthokonts,Faktorova_et_al,1,1,,2,2
,Sphaeroforma_arctica_UP000054560,no,Sphaeroforma-arctica,https://ftp.uniprot.org/pub/databases/uniprot/current_release/knowledgebase/reference_proteomes/Eukaryota/UP000054560/UP000054560_667725.fasta.gz,no,yes,Sphaeroforma-arctica,TRUE,,,,UP000054560,AEOD01000000,curl 'https://ftp.uniprot.org/pub/databases/uniprot/current_release/knowledgebase/reference_proteomes/Eukaryota/UP000054560/UP000054560_667725.fasta.gz' --output Ustilago_maydis.faa.gz,,Opisthokonta,Ichthyosporea,Ichthyophonida,Sphaeroforma,arctica,Sphaeroforma arctica JP610 (JP610),667725,18649,"C:63.1% (S:60% D:3.1%) F:23.5% M:13.3%,n:255",eukaryota_odb10,eukaryota_odb10,Unknown,,,,,,,,,,,,,,,,,,,,,,,,,,,,,,,,,,,,,
33,Hofstenia_miamia_GFSA00000000.1,yes,Hofstenia-miamia,https://sra-download.ncbi.nlm.nih.gov/traces/wgs03/wgs_aux/GF/SA/GFSA01/GFSA01.1.fsa_nt.gz,no,no,Hofstenia-miamia,,tsa-nuc,GFSA00000000.1,,,,curl 'https://sra-download.ncbi.nlm.nih.gov/traces/wgs03/wgs_aux/GF/SA/GFSA01/GFSA01.1.fsa_nt.gz' --output Hofstenia_miamia.faa.gz,,Opisthokonta,Metazoa,Acoelomorpha,Hofstenia,miamia,,,,,metazoa_odb10,eukaryota_odb10,,,,,,,,,,,,,2,,,,sexual+asexual,,,,,,,,0,1,marine,1,Muscle,Heterotroph,Acoela,Opisthokonts,Goldstein_&_King,1.00E+06,11,"Hulett_et_al_2023, estimate",3,3
34,Aedes_aegypti_UP000008820,no,Aedes-aegypti,https://ftp.uniprot.org/pub/databases/uniprot/current_release/knowledgebase/reference_proteomes/Eukaryota/UP000008820/UP000008820_7159.fasta.gz,no,yes,Aedes-aegypti,TRUE,uniprot-ref,,,UP000008820,GCA_002204515.1,curl 'https://ftp.uniprot.org/pub/databases/uniprot/current_release/knowledgebase/reference_proteomes/Eukaryota/UP000008820/UP000008820_7159.fasta.gz' --output Aedes_aegypti.faa.gz,,Opisthokonta,Metazoa,Arthropoda,Aedes,aegypti,Aedes aegypti (Yellowfever mosquito) (Culex aegypti),7159,20640,"C:99.5%[S:60.5%,D:38.9%],F:0.2%,M:0.3%,n:3285",diptera_odb10,eukaryota_odb10,Outlier (high value),"Eukaryota, Opisthokonta, Metazoa, Eumetazoa, Bilateria, Protostomia, Ecdysozoa, Panarthropoda, Arthropoda, Mandibulata, Pancrustacea, Hexapoda, Insecta, Dicondylia, Pterygota, Neoptera, Endopterygota, Diptera, Nematocera, Culicomorpha, Culicoidea, Culicidae, Culicinae, Aedini, Aedes, Stegomyia",,7159,1278715314,1278692379,488170257,38,SAMN07177802,3,,,2,https://doi.org/10.1093/aesa/56.2.160,,,sexual,,,,,,,,0,1,terrestrial,1,Muscle,Heterotroph,Arthropoda,Opisthokonts,Hedges_et_al,5.00E+05,60,"Fisher_et_al_2013, Li_et_al_2022, estimate",3,3
35,Drosophila_melanogaster_UP000000803,no,Drosophila-melanogaster,https://ftp.uniprot.org/pub/databases/uniprot/current_release/knowledgebase/reference_proteomes/Eukaryota/UP000000803/UP000000803_7227.fasta.gz,no,yes,Drosophila-melanogaster,TRUE,uniprot-ref,,,UP000000803,GCA_000001215.4,curl 'https://ftp.uniprot.org/pub/databases/uniprot/current_release/knowledgebase/reference_proteomes/Eukaryota/UP000000803/UP000000803_7227.fasta.gz' --output Drosophila_melanogaster.faa.gz,,Opisthokonta,Metazoa,Arthropoda,Drosophila,melanogaster,Drosophila melanogaster (Fruit fly),7227,22065,"C:100.0%[S:41.8%,D:58.2%],F:0.0%,M:0.0%,n:3285",diptera_odb10,eukaryota_odb10,Outlier (high value),"Eukaryota, Opisthokonta, Metazoa, Eumetazoa, Bilateria, Protostomia, Ecdysozoa, Panarthropoda, Arthropoda, Mandibulata, Pancrustacea, Hexapoda, Insecta, Dicondylia, Pterygota, Neoptera, Endopterygota, Diptera, Brachycera, Muscomorpha, Eremoneura, Cyclorrhapha, Schizophora, Acalyptratae, Ephydroidea, Drosophilidae, Drosophilinae, Drosophilini, Drosophila, Sophophora, melanogaster group, melanogaster subgroup",,7227,143706478,142553500,59886014,42,SAMN02803731,7,,,2,,,,,,,,,,,,0,1,terrestrial,1,Muscle,Heterotroph,Arthropoda,Opisthokonts,Faktorova_et_al,5.00E+05,60,"Fisher_et_al_2013, Li_et_al_2022, estimate",3,3
36,Clytia_hemisphaerica_UP000594262,no,Clytia-hemisphaerica,https://ftp.uniprot.org/pub/databases/uniprot/current_release/knowledgebase/reference_proteomes/Eukaryota/UP000594262/UP000594262_252671.fasta.gz,no,yes,Clytia-hemisphaerica,TRUE,uniprot-ref,,,UP000594262,GCA_902728285.1,curl 'https://ftp.uniprot.org/pub/databases/uniprot/current_release/knowledgebase/reference_proteomes/Eukaryota/UP000594262/UP000594262_252671.fasta.gz' --output Clytia_hemisphaerica.faa.gz,,Opisthokonta,Metazoa,Cnidaria,Clytia,hemisphaerica,Clytia hemisphaerica,252671,24557,"C:81.1%[S:72.1%,D:9.0%],F:2.9%,M:15.9%,n:954",metazoa_odb10,eukaryota_odb10,Unknown,"Eukaryota, Opisthokonta, Metazoa, Eumetazoa, Cnidaria, Hydrozoa, Hydroidolina, Leptothecata, Obeliida, Clytiidae, Clytia",,252671,420978673,416977219,147818266,35,SAMEA6473874,,,,,,,,sexual,,,,,,,,0,1,marine,1,Muscle,Heterotroph,Cnidaria,Opisthokonts,Weissbourd_et_al_2021,63000,15,"Fisher_et_al_2013, estimate",3,3
37,Exaiptasia_diaphana_UP000887567,no,Exaiptasia-diaphana,https://ftp.uniprot.org/pub/databases/uniprot/current_release/knowledgebase/reference_proteomes/Eukaryota/UP000887567/UP000887567_2652724.fasta.gz,no,yes,Exaiptasia-diaphana,TRUE,uniprot-ref,,,UP000887567,GCA_001417965.1,curl 'https://ftp.uniprot.org/pub/databases/uniprot/current_release/knowledgebase/reference_proteomes/Eukaryota/UP000887567/UP000887567_2652724.fasta.gz' --output Exaiptasia_diaphana.faa.gz,,Opisthokonta,Metazoa,Cnidaria,Exaiptasia,diaphana,Exaiptasia diaphana (Tropical sea anemone) (Aiptasia pulchella),2652724,25268,"C:94.8%[S:83.5%,D:11.2%],F:2.1%,M:3.1%,n:954",metazoa_odb10,eukaryota_odb10,Unknown,"Eukaryota, Opisthokonta, Metazoa, Eumetazoa, Cnidaria, Anthozoa, Hexacorallia, Actiniaria, Aiptasiidae, Exaiptasia",,2652724,256132296,210831060,76356014,36,SAMN03839803,,,,,,,,,,,,,,,,0,1,marine,1,Muscle,Heterotroph,Cnidaria,Opisthokonts,Goldstein_&_King,63000,15,"Fisher_et_al_2013, estimate",3,3
38,Hydra_vulgaris_UP000694840,no,Hydra-vulgaris,https://ftp.uniprot.org/pub/databases/uniprot/current_release/knowledgebase/reference_proteomes/Eukaryota/UP000694840/UP000694840_6087.fasta.gz,no,yes,Hydra-vulgaris,TRUE,uniprot-ref,,,UP000694840,GCF_000004095.1,curl 'https://ftp.uniprot.org/pub/databases/uniprot/current_release/knowledgebase/reference_proteomes/Eukaryota/UP000694840/UP000694840_6087.fasta.gz' --output Hydra_vulgaris.faa.gz,,Opisthokonta,Metazoa,Cnidaria,Hydra,vulgaris,Hydra vulgaris (Hydra) (Hydra attenuata),6087,21300,"C:56.9%[S:52.6%,D:4.3%],F:1.7%,M:41.4%,n:954",metazoa_odb10,eukaryota_odb10,Unknown,"Eukaryota, Opisthokonta, Metazoa, Eumetazoa, Cnidaria, Hydrozoa, Hydroidolina, Anthoathecata, Aplanulata, Hydridae, Hydra",,6087,852155112,785475063,216546919,27.5,SAMN00000081,,,,2,https://doi.org/10.1038/nature08830,,,sexual+asexual (budding),,,,,,,,0,1,marine,1,Muscle,Heterotroph,Cnidaria,Opisthokonts,Lommel_et_al,63000,15,Fisher_et_al_2013,3,3
39,Nematostella_vectensis_UP000001593,no,Nematostella-vectensis,https://ftp.uniprot.org/pub/databases/uniprot/current_release/knowledgebase/reference_proteomes/Eukaryota/UP000001593/UP000001593_45351.fasta.gz,no,yes,Nematostella-vectensis,TRUE,uniprot-ref,,,UP000001593,GCA_000209225.1,curl 'https://ftp.uniprot.org/pub/databases/uniprot/current_release/knowledgebase/reference_proteomes/Eukaryota/UP000001593/UP000001593_45351.fasta.gz' --output Nematostella_vectensis.faa.gz,,Opisthokonta,Metazoa,Cnidaria,Nematostella,vectensis,Nematostella vectensis (Starlet sea anemone),45351,24435,"C:89.7%[S:87.9%,D:1.8%],F:4.8%,M:5.5%,n:954",metazoa_odb10,eukaryota_odb10,Unknown,"Eukaryota, Opisthokonta, Metazoa, Eumetazoa, Cnidaria, Anthozoa, Hexacorallia, Actiniaria, Edwardsiidae, Nematostella",,45351,356613585,297398056,120845592,40.5,SAMN02953687,,,,2,https://doi.org/10.1101/pdb.emo129,,,sexual+asexual (budding),https://doi.org/10.2307/1542110,,,,,,,0,1,marine,1,Muscle,Heterotroph,Cnidaria,Opisthokonts,Babonis_et_al,63000,15,"Fisher_et_al_2013, estimate",3,3
40,Mnemiopsis_leidyi_GFAT00000000.1,yes,Mnemiopsis-leidyi,https://sra-download.ncbi.nlm.nih.gov/traces/wgs03/wgs_aux/GF/AT/GFAT01/GFAT01.1.fsa_nt.gz,no,no,Mnemiopsis-leidyi,,tsa-nuc,GFAT00000000.1,,,,curl 'https://sra-download.ncbi.nlm.nih.gov/traces/wgs03/wgs_aux/GF/AT/GFAT01/GFAT01.1.fsa_nt.gz' --output Mnemiopsis_leidyi.faa.gz,,Opisthokonta,Metazoa,Ctenophora,Mnemiopsis,leidyi,,,,,metazoa_odb10,eukaryota_odb10,,,,,,,,,,,,,2,https://doi.org/10.1093/g3journal/jkab302,,,sexual (hermaphroditic self-fertilization,,,,,,,,0,1,marine,1,Muscle,Heterotroph,Ctenophora,Opisthokonts,Presnell_et_al,10000,13,Fisher_et_al_2013,3,3
41,Caenorhabditis_elegans_UP000001940,no,Caenorhabditis-elegans,https://ftp.uniprot.org/pub/databases/uniprot/current_release/knowledgebase/reference_proteomes/Eukaryota/UP000001940/UP000001940_6239.fasta.gz,no,yes,Caenorhabditis-elegans,TRUE,uniprot-ref,,,UP000001940,GCA_000002985.3,curl 'https://ftp.uniprot.org/pub/databases/uniprot/current_release/knowledgebase/reference_proteomes/Eukaryota/UP000001940/UP000001940_6239.fasta.gz' --output Caenorhabditis_elegans.faa.gz,,Opisthokonta,Metazoa,Nematoda,Caenorhabditis,elegans,Caenorhabditis elegans,6239,26698,"C:100.0%[S:74.4%,D:25.6%],F:0.0%,M:0.0%,n:3131",nematoda_odb10,eukaryota_odb10,Outlier (high value),"Eukaryota, Opisthokonta, Metazoa, Eumetazoa, Bilateria, Protostomia, Ecdysozoa, Nematoda, Chromadorea, Rhabditida, Rhabditina, Rhabditomorpha, Rhabditoidea, Rhabditidae, Peloderinae, Caenorhabditis",,6239,100272607,100272607,36545374,35,,6,,,2,,,,,,,,,0.000798558,Heim_et_al_2017,,0,1,terrestrial,1,Muscle,Heterotroph,Nematoda,Opisthokonts,Faktorova_et_al,1000,17,"Bell_1997, wormbase, estimate",3,3
42,Pristionchus_pacificus_UP000005239,no,Pristionchus-pacificus,https://ftp.uniprot.org/pub/databases/uniprot/current_release/knowledgebase/reference_proteomes/Eukaryota/UP000005239/UP000005239_54126.fasta.gz,no,yes,Pristionchus-pacificus,TRUE,uniprot-ref,,,UP000005239,GCA_000180635.3,curl 'https://ftp.uniprot.org/pub/databases/uniprot/current_release/knowledgebase/reference_proteomes/Eukaryota/UP000005239/UP000005239_54126.fasta.gz' --output Pristionchus_pacificus.faa.gz,,Opisthokonta,Metazoa,Nematoda,Pristionchus,pacificus,Pristionchus pacificus (Parasitic nematode),54126,26122,"C:80.1%[S:77.1%,D:3.0%],F:0.9%,M:19.0%,n:3131",nematoda_odb10,eukaryota_odb10,Outlier (high value),"Eukaryota, Opisthokonta, Metazoa, Eumetazoa, Bilateria, Protostomia, Ecdysozoa, Nematoda, Chromadorea, Rhabditida, Rhabditina, Diplogasteromorpha, Diplogasteroidea, Neodiplogasteridae, Pristionchus",,54126,154958356,154958356,66365686,42.5,SAMN02953718,,,,,,,,,,,,,,,,,,,,,,,,,,,,,
43,Hypsibius_dujardini_UP000192578,no,Hypsibius-dujardini,https://rest.uniprot.org/uniprotkb/stream?download=true&format=fasta&query=%28%28proteome%3AUP001055712%29+AND+%28proteomecomponent%3A%22Unassembled+WGS+sequence%22%29%29,no,no,Hypsibius-dujardini,FALSE,uniprot-nonref,,,UP000192578,GCA_002082055.1,curl 'https://rest.uniprot.org/uniprotkb/stream?download=true&format=fasta&query=%28%28proteome%3AUP001055712%29+AND+%28proteomecomponent%3A%22Unassembled+WGS+sequence%22%29%29' --output Hypsibius_dujardini.faa.gz,,Opisthokonta,Metazoa,Panarthropoda,Hypsibius,dujardini,Hypsibius exemplaris (Freshwater tardigrade),2072580,14867,"C:69.0%[S:66.0%,D:2.9%],F:3.2%,M:27.8%,n:954",metazoa_odb10,eukaryota_odb10,Unknown,"Eukaryota, Opisthokonta, Metazoa, Eumetazoa, Bilateria, Protostomia, Ecdysozoa, Panarthropoda, Tardigrada, Eutardigrada, Parachela, Hypsibioidea, Hypsibiidae, Hypsibius",,2072580,104154999,102014939,46368917,45,SAMN06212344,,,,2,https://doi.org/10.1007/BF00331113,,,parthenogenic,,,,,,,,0,1,freshwater,1,Muscle,Heterotroph,Tardigrada,Opisthokonts,Goldstein_&_King,4.00E+04,60,"Fisher_et_al_2013, Kinchin_1994, estimate",3,3
44,Schistosoma_mansoni_UP000008854,no,Schistosoma-mansoni,https://ftp.uniprot.org/pub/databases/uniprot/current_release/knowledgebase/reference_proteomes/Eukaryota/UP000008854/UP000008854_6183.fasta.gz,no,yes,Schistosoma-mansoni,TRUE,uniprot-ref,,,UP000008854,GCA_000237925.5,curl 'https://ftp.uniprot.org/pub/databases/uniprot/current_release/knowledgebase/reference_proteomes/Eukaryota/UP000008854/UP000008854_6183.fasta.gz' --output Schistosoma_mansoni.faa.gz,,Opisthokonta,Metazoa,Platyhelminthes,Schistosoma,mansoni,Schistosoma mansoni (Blood fluke),6183,13787,"C:78.7%[S:64.9%,D:13.8%],F:2.6%,M:18.7%,n:954",metazoa_odb10,eukaryota_odb10,Unknown,"Eukaryota, Opisthokonta, Metazoa, Eumetazoa, Bilateria, Protostomia, Spiralia, Lophotrochozoa, Platyhelminthes, Trematoda, Digenea, Strigeidida, Schistosomatoidea, Schistosomatidae, Schistosoma",,6183,391395321,391352416,138829942,35,SAMEA2272516,11,,,2,https://doi.org/10.1186/gb-2009-10-6-r71,,,sexual+asexual,,,,,,,,1,1,parasite,1,Muscle,Heterotroph,Playhelminthes,Opisthokonts,Hedges_et_al,1.00E+06,12,"Fisher_et_al_2013, estimate",3,3
45,Schmidtea_mediterranea_SmedSxl4.0,no,Schmidtea-mediterranea,https://planosphere.stowers.org/pub/smedgd/SmedSxl_genome_v4.0.all.maker.proteins.fasta.gz,no,no,Schmidtea-mediterranea,,planosphere,,,,,curl 'https://planosphere.stowers.org/pub/smedgd/SmedSxl_genome_v4.0.all.maker.proteins.fasta.gz' --output Schmidtea_mediterranea.faa.gz,,Opisthokonta,Metazoa,Platyhelminthes,Schmidtea,mediterranea,,,,,metazoa_odb10,eukaryota_odb10,,,,,,,,,,,,,,,,,,,,,,,,,0,1,freshwater,1,Muscle,Heterotroph,Playhelminthes,Opisthokonts,Goldstein_&_King,1.00E+06,12,"Fisher_et_al_2013, estimate",3,3
46,Ciona_intestinalis_UP000008144,no,Ciona-intestinalis,https://ftp.uniprot.org/pub/databases/uniprot/current_release/knowledgebase/reference_proteomes/Eukaryota/UP000008144/UP000008144_7719.fasta.gz,no,yes,Ciona-intestinalis,TRUE,uniprot-ref,,,UP000008144,GCA_000224145.1,curl 'https://ftp.uniprot.org/pub/databases/uniprot/current_release/knowledgebase/reference_proteomes/Eukaryota/UP000008144/UP000008144_7719.fasta.gz' --output Ciona_intestinalis.faa.gz,,Opisthokonta,Metazoa,Urochordata,Ciona,intestinalis,Ciona intestinalis (Transparent sea squirt) (Ascidia intestinalis),7719,17311,"C:78.7%[S:74.9%,D:3.8%],F:6.4%,M:14.9%,n:954",metazoa_odb10,eukaryota_odb10,Unknown,"Eukaryota, Opisthokonta, Metazoa, Eumetazoa, Bilateria, Deuterostomia, Chordata, Tunicata, Ascidiacea, Phlebobranchia, Cionidae, Ciona",,7719,115212710,112149200,40009481,35.5,,14,,,2,https://doi.org/10.1101/gr.5894107,,,"sexual (hermaphroditic, self-incompatible)",https://doi.org/10.1016%2Fj.bbrc.2014.05.099,,,,,,,0,1,marine,0,None,Heterotroph,Tunicata,Opisthokonts,Hedges_et_al,2.50E+03,50,"Zhang_et_al_2020, estimate",3,3
47,Anolis_carolinensis_UP000001646,no,Anolis-carolinensis,https://ftp.uniprot.org/pub/databases/uniprot/current_release/knowledgebase/reference_proteomes/Eukaryota/UP000001646/UP000001646_28377.fasta.gz,no,yes,Anolis-carolinensis,TRUE,uniprot-ref,,,UP000001646,GCA_000090745.2,curl 'https://ftp.uniprot.org/pub/databases/uniprot/current_release/knowledgebase/reference_proteomes/Eukaryota/UP000001646/UP000001646_28377.fasta.gz' --output Anolis_carolinensis.faa.gz,,Opisthokonta,Metazoa,Vertebrata,Anolis,carolinensis,Anolis carolinensis (Green anole) (American chameleon),28377,32752,"C:86.3%[S:58.8%,D:27.5%],F:3.3%,M:10.4%,n:7480",sauropsida_odb10,eukaryota_odb10,Outlier (high value),"Eukaryota, Opisthokonta, Metazoa, Eumetazoa, Bilateria, Deuterostomia, Chordata, Craniata, Vertebrata, Gnathostomata, Teleostomi, Euteleostomi, Sarcopterygii, Dipnotetrapodomorpha, Tetrapoda, Amniota, Sauropsida, Sauria, Lepidosauria, Squamata, Bifurcata, Unidentata, Episquamata, Toxicofera, Iguania, Dactyloidae, Anolis",,28377,1799126364,1701336547,685965676,40,SAMN02981230,13,,,,,,,,,,,,,,,,,,,,,,,,,,,,
48,Callithrix_jacchus_UP000008225,no,Callithrix-jacchus,https://ftp.uniprot.org/pub/databases/uniprot/current_release/knowledgebase/reference_proteomes/Eukaryota/UP000008225/UP000008225_9483.fasta.gz,no,yes,Callithrix-jacchus,TRUE,uniprot-ref,,,UP000008225,GCA_011100555.1,curl 'https://ftp.uniprot.org/pub/databases/uniprot/current_release/knowledgebase/reference_proteomes/Eukaryota/UP000008225/UP000008225_9483.fasta.gz' --output Callithrix_jacchus.faa.gz,,Opisthokonta,Metazoa,Vertebrata,Callithrix,jacchus,Callithrix jacchus (White-tufted-ear marmoset),9483,48340,"C:95.6%[S:46.3%,D:49.3%],F:0.6%,M:3.7%,n:13780",primates_odb10,eukaryota_odb10,Outlier (high value),"Eukaryota, Opisthokonta, Metazoa, Eumetazoa, Bilateria, Deuterostomia, Chordata, Craniata, Vertebrata, Gnathostomata, Teleostomi, Euteleostomi, Sarcopterygii, Dipnotetrapodomorpha, Tetrapoda, Amniota, Mammalia, Theria, Eutheria, Boreoeutheria, Euarchontoglires, Primates, Haplorrhini, Simiiformes, Platyrrhini, Cebidae, Callitrichinae, Callithrix, Callithrix",,9483,2829711198,2816286105,1153207514,40.5,SAMN12368443,24,,,,,,,,,,,,,,,,,,,,,,,,,,,,
49,Callorhinchus_milii_UP000314986,no,Callorhinchus-milii,https://ftp.uniprot.org/pub/databases/uniprot/current_release/knowledgebase/reference_proteomes/Eukaryota/UP000314986/UP000314986_7868.fasta.gz,no,yes,Callorhinchus-milii,TRUE,uniprot-ref,,,UP000314986,GCA_000165045.2,curl 'https://ftp.uniprot.org/pub/databases/uniprot/current_release/knowledgebase/reference_proteomes/Eukaryota/UP000314986/UP000314986_7868.fasta.gz' --output Callorhinchus_milii.faa.gz,,Opisthokonta,Metazoa,Vertebrata,Callorhinchus,milii,Callorhinchus milii (Ghost shark),7868,49245,"C:90.0%[S:39.4%,D:50.6%],F:5.0%,M:4.9%,n:3354",vertebrata_odb10,eukaryota_odb10,Unknown,"Eukaryota, Opisthokonta, Metazoa, Eumetazoa, Bilateria, Deuterostomia, Chordata, Craniata, Vertebrata, Gnathostomata, Chondrichthyes, Holocephali, Chimaeriformes, Callorhinchidae, Callorhinchus",,7868,974481817,936936689,396706957,42,SAMN00000800,,,,,,,,,,,,,,,,,,,,,,,,,,,,,
50,Carlito_syrichta_UP000189704,no,Carlito-syrichta,https://ftp.uniprot.org/pub/databases/uniprot/current_release/knowledgebase/reference_proteomes/Eukaryota/UP000189704/UP000189704_1868482.fasta.gz,no,yes,Carlito-syrichta,TRUE,uniprot-ref,,,UP000189704,GCF_000164805.1,curl 'https://ftp.uniprot.org/pub/databases/uniprot/current_release/knowledgebase/reference_proteomes/Eukaryota/UP000189704/UP000189704_1868482.fasta.gz' --output Carlito_syrichta.faa.gz,,Opisthokonta,Metazoa,Vertebrata,Carlito,syrichta,Carlito syrichta (Philippine tarsier) (Tarsius syrichta),1868482,30314,"C:86.3%[S:58.8%,D:27.5%],F:7.4%,M:6.3%,n:13780",primates_odb10,eukaryota_odb10,Standard,"Eukaryota, Opisthokonta, Metazoa, Eumetazoa, Bilateria, Deuterostomia, Chordata, Craniata, Vertebrata, Gnathostomata, Teleostomi, Euteleostomi, Sarcopterygii, Dipnotetrapodomorpha, Tetrapoda, Amniota, Mammalia, Theria, Eutheria, Boreoeutheria, Euarchontoglires, Primates, Haplorrhini, Tarsiiformes, Tarsiidae, Carlito",,1868482,3453847770,3405738560,1395037393,40.5,SAMN02445010,,,,,,,,,,,,,,,,,,,,,,,,,,,,,
51,Danio_rerio_UP000000437,no,Danio-rerio,https://ftp.uniprot.org/pub/databases/uniprot/current_release/knowledgebase/reference_proteomes/Eukaryota/UP000000437/UP000000437_7955.fasta.gz,no,yes,Danio-rerio,TRUE,uniprot-ref,,,UP000000437,GCF_000002035.6,curl 'https://ftp.uniprot.org/pub/databases/uniprot/current_release/knowledgebase/reference_proteomes/Eukaryota/UP000000437/UP000000437_7955.fasta.gz' --output Danio_rerio.faa.gz,,Opisthokonta,Metazoa,Vertebrata,Danio,rerio,Danio rerio (Zebrafish) (Brachydanio rerio),7955,46696,"C:98.1%[S:64.5%,D:33.6%],F:0.6%,M:1.3%,n:3640",actinopterygii_odb10,eukaryota_odb10,Outlier (high value),"Eukaryota, Opisthokonta, Metazoa, Eumetazoa, Bilateria, Deuterostomia, Chordata, Craniata, Vertebrata, Gnathostomata, Teleostomi, Euteleostomi, Actinopterygii, Actinopteri, Neopterygii, Teleostei, Osteoglossocephalai, Clupeocephala, Otomorpha, Ostariophysi, Otophysi, Cypriniphysae, Cypriniformes, Cyprinoidei, Danionidae, Danioninae, Danio",,7955,1373454788,1368765506,545845483,36.5,SAMN06930106,25,,,2,,,,,,,,,,,,0,1,freshwater,1,Muscle,Heterotroph,Vertebrata,Opisthokonts,Faktorova_et_al,2.51E+11,120,"Fisher_et_al_2013, estimate",3,
52,Gallus_gallus_UP000000539,no,Gallus-gallus,https://ftp.uniprot.org/pub/databases/uniprot/current_release/knowledgebase/reference_proteomes/Eukaryota/UP000000539/UP000000539_9031.fasta.gz,no,yes,Gallus-gallus,TRUE,uniprot-ref,,,UP000000539,GCA_016699485.1,curl 'https://ftp.uniprot.org/pub/databases/uniprot/current_release/knowledgebase/reference_proteomes/Eukaryota/UP000000539/UP000000539_9031.fasta.gz' --output Gallus_gallus.faa.gz,,Opisthokonta,Metazoa,Vertebrata,Gallus,gallus,Gallus gallus (Chicken),9031,43711,"C:98.3%[S:32.3%,D:65.9%],F:0.5%,M:1.2%,n:8338",aves_odb10,eukaryota_odb10,Outlier (high value),"Eukaryota, Opisthokonta, Metazoa, Eumetazoa, Bilateria, Deuterostomia, Chordata, Craniata, Vertebrata, Gnathostomata, Teleostomi, Euteleostomi, Sarcopterygii, Dipnotetrapodomorpha, Tetrapoda, Amniota, Sauropsida, Sauria, Archelosauria, Archosauria, Dinosauria, Saurischia, Theropoda, Coelurosauria, Aves, Neognathae, Galloanserae, Galliformes, Phasianidae, Phasianinae, Gallus",,9031,1053315467,1049931549,443093403,42,SAMN15960293,41,,,,,,,,,,,,,,,,,,,,,,,,,,,,
53,Homo_sapiens_UP000005640,no,Homo-sapiens,https://ftp.uniprot.org/pub/databases/uniprot/current_release/knowledgebase/reference_proteomes/Eukaryota/UP000005640/UP000005640_9606.fasta.gz,no,yes,Homo-sapiens,TRUE,uniprot-ref,,,UP000005640,GCA_000001405.28,curl 'https://ftp.uniprot.org/pub/databases/uniprot/current_release/knowledgebase/reference_proteomes/Eukaryota/UP000005640/UP000005640_9606.fasta.gz' --output Homo_sapiens.faa.gz,,Opisthokonta,Metazoa,Vertebrata,Homo,sapiens,Homo sapiens (Human),9606,82678,"C:99.5%[S:37.4%,D:62.1%],F:0.0%,M:0.5%,n:13780",primates_odb10,eukaryota_odb10,Outlier (high value),"Eukaryota, Opisthokonta, Metazoa, Eumetazoa, Bilateria, Deuterostomia, Chordata, Craniata, Vertebrata, Gnathostomata, Teleostomi, Euteleostomi, Sarcopterygii, Dipnotetrapodomorpha, Tetrapoda, Amniota, Mammalia, Theria, Eutheria, Boreoeutheria, Euarchontoglires, Primates, Haplorrhini, Simiiformes, Catarrhini, Hominoidea, Hominidae, Homininae, Homo",,9606,3099734149,2948611470,1374438229,40.5,,24,,,,,,,,,,,,,,,,,,,,,,,,,,,,
54,Macaca_mulatta_UP000006718,no,Macaca-mulatta,https://ftp.uniprot.org/pub/databases/uniprot/current_release/knowledgebase/reference_proteomes/Eukaryota/UP000006718/UP000006718_9544.fasta.gz,no,yes,Macaca-mulatta,TRUE,uniprot-ref,,,UP000006718,GCA_003339765.3,curl 'https://ftp.uniprot.org/pub/databases/uniprot/current_release/knowledgebase/reference_proteomes/Eukaryota/UP000006718/UP000006718_9544.fasta.gz' --output Macaca_mulatta.faa.gz,,Opisthokonta,Metazoa,Vertebrata,Macaca,mulatta,Macaca mulatta (Rhesus macaque),9544,44389,"C:97.0%[S:42.9%,D:54.0%],F:0.5%,M:2.5%,n:13780",primates_odb10,eukaryota_odb10,Outlier (high value),"Eukaryota, Opisthokonta, Metazoa, Eumetazoa, Bilateria, Deuterostomia, Chordata, Craniata, Vertebrata, Gnathostomata, Teleostomi, Euteleostomi, Sarcopterygii, Dipnotetrapodomorpha, Tetrapoda, Amniota, Mammalia, Theria, Eutheria, Boreoeutheria, Euarchontoglires, Primates, Haplorrhini, Simiiformes, Catarrhini, Cercopithecoidea, Cercopithecidae, Cercopithecinae, Macaca",,9544,2971314966,2936876169,1205713311,40.5,SAMN09435472,22,,,,,,,,,,,,,,,,,,,,,,,,,,,,
55,Microcebus_murinus_UP000694394,no,Microcebus-murinus,https://ftp.uniprot.org/pub/databases/uniprot/current_release/knowledgebase/reference_proteomes/Eukaryota/UP000694394/UP000694394_30608.fasta.gz,no,yes,Microcebus-murinus,TRUE,uniprot-ref,,,UP000694394,GCA_000165445.3,curl 'https://ftp.uniprot.org/pub/databases/uniprot/current_release/knowledgebase/reference_proteomes/Eukaryota/UP000694394/UP000694394_30608.fasta.gz' --output Microcebus_murinus.faa.gz,,Opisthokonta,Metazoa,Vertebrata,Microcebus,murinus,Microcebus murinus (Gray mouse lemur) (Lemur murinus),30608,36810,"C:92.9%[S:52.9%,D:39.9%],F:0.8%,M:6.3%,n:13780",primates_odb10,eukaryota_odb10,Standard,"Eukaryota, Opisthokonta, Metazoa, Eumetazoa, Bilateria, Deuterostomia, Chordata, Craniata, Vertebrata, Gnathostomata, Teleostomi, Euteleostomi, Sarcopterygii, Dipnotetrapodomorpha, Tetrapoda, Amniota, Mammalia, Theria, Eutheria, Boreoeutheria, Euarchontoglires, Primates, Strepsirrhini, Lemuriformes, Cheirogaleidae, Microcebus",,30608,2487392024,2386304861,977977134,40.5,SAMN06275470,33,,,,,,,,,,,,,,,,,,,,,,,,,,,,3
56,Mus_musculus_UP000000589,no,Mus-musculus,https://ftp.uniprot.org/pub/databases/uniprot/current_release/knowledgebase/reference_proteomes/Eukaryota/UP000000589/UP000000589_10090.fasta.gz,no,yes,Mus-musculus,TRUE,uniprot-ref,,,UP000000589,GCA_000001635.9,curl 'https://ftp.uniprot.org/pub/databases/uniprot/current_release/knowledgebase/reference_proteomes/Eukaryota/UP000000589/UP000000589_10090.fasta.gz' --output Mus_musculus.faa.gz,,Opisthokonta,Metazoa,Vertebrata,Mus,musculus,Mus musculus (Mouse),10090,55021,"C:99.8%[S:51.2%,D:48.6%],F:0.0%,M:0.2%,n:13798",glires_odb10,eukaryota_odb10,Outlier (high value),"Eukaryota, Opisthokonta, Metazoa, Eumetazoa, Bilateria, Deuterostomia, Chordata, Craniata, Vertebrata, Gnathostomata, Teleostomi, Euteleostomi, Sarcopterygii, Dipnotetrapodomorpha, Tetrapoda, Amniota, Mammalia, Theria, Eutheria, Boreoeutheria, Euarchontoglires, Glires, Rodentia, Myomorpha, Muroidea, Muridae, Murinae, Mus, Mus",,10090,2728206152,2654605538,1573609204,41.5,,21,,,2,,,,,,,,,10163.63636,Heim_et_al_2017,,0,1,terrestrial,1,Muscle,Heterotroph,Vertebrata,Opisthokonts,Faktorova_et_al,2.00E+11,102,Fisher_et_al_2013,3,3
57,Pan_troglodytes_UP000002277,no,Pan-troglodytes,https://ftp.uniprot.org/pub/databases/uniprot/current_release/knowledgebase/reference_proteomes/Eukaryota/UP000002277/UP000002277_9598.fasta.gz,no,yes,Pan-troglodytes,TRUE,uniprot-ref,,,UP000002277,GCA_000001515.5,curl 'https://ftp.uniprot.org/pub/databases/uniprot/current_release/knowledgebase/reference_proteomes/Eukaryota/UP000002277/UP000002277_9598.fasta.gz' --output Pan_troglodytes.faa.gz,,Opisthokonta,Metazoa,Vertebrata,Pan,troglodytes,Pan troglodytes (Chimpanzee),9598,48769,"C:97.8%[S:50.3%,D:47.6%],F:0.5%,M:1.7%,n:13780",primates_odb10,eukaryota_odb10,Outlier (high value),"Eukaryota, Opisthokonta, Metazoa, Eumetazoa, Bilateria, Deuterostomia, Chordata, Craniata, Vertebrata, Gnathostomata, Teleostomi, Euteleostomi, Sarcopterygii, Dipnotetrapodomorpha, Tetrapoda, Amniota, Mammalia, Theria, Eutheria, Boreoeutheria, Euarchontoglires, Primates, Haplorrhini, Simiiformes, Catarrhini, Hominoidea, Hominidae, Homininae, Pan",,9598,3231154112,3132603083,1381983362,40.5,SAMN02981217,25,,,,,,,,,,,,,,,,,,,,,,,,,,,,
58,Petromyzon_marinus_UP000245300,no,Petromyzon-marinus,https://ftp.uniprot.org/pub/databases/uniprot/current_release/knowledgebase/reference_proteomes/Eukaryota/UP000245300/UP000245300_7757.fasta.gz,no,yes,Petromyzon-marinus,TRUE,uniprot-ref,,,UP000245300,,curl 'https://ftp.uniprot.org/pub/databases/uniprot/current_release/knowledgebase/reference_proteomes/Eukaryota/UP000245300/UP000245300_7757.fasta.gz' --output Petromyzon_marinus.faa.gz,,Opisthokonta,Metazoa,Vertebrata,Petromyzon,marinus,Petromyzon marinus (Sea lamprey),7757,11406,"C:39.1%[S:35.2%,D:3.9%],F:12.9%,M:47.9%,n:3354",vertebrata_odb10,eukaryota_odb10,Unknown,"Eukaryota, Opisthokonta, Metazoa, Eumetazoa, Bilateria, Deuterostomia, Chordata, Craniata, Vertebrata, Cyclostomata, Hyperoartia, Petromyzontiformes, Petromyzontidae, Petromyzon",,,,,,,,,,,,,,,,,,,,,,,,,,,,,,,,,,,,
59,Taeniopygia_guttata_UP000007754,no,Taeniopygia-guttata,https://ftp.uniprot.org/pub/databases/uniprot/current_release/knowledgebase/reference_proteomes/Eukaryota/UP000007754/UP000007754_59729.fasta.gz,no,yes,Taeniopygia-guttata,TRUE,uniprot-ref,,,UP000007754,GCF_003957565.2,curl 'https://ftp.uniprot.org/pub/databases/uniprot/current_release/knowledgebase/reference_proteomes/Eukaryota/UP000007754/UP000007754_59729.fasta.gz' --output Taeniopygia_guttata.faa.gz,,Opisthokonta,Metazoa,Vertebrata,Taeniopygia,guttata,Taeniopygia guttata (Zebra finch) (Poephila guttata),59729,31341,"C:94.7%[S:49.4%,D:45.3%],F:1.2%,M:4.1%,n:10844",passeriformes_odb10,eukaryota_odb10,Outlier (high value),"Eukaryota, Opisthokonta, Metazoa, Eumetazoa, Bilateria, Deuterostomia, Chordata, Craniata, Vertebrata, Gnathostomata, Teleostomi, Euteleostomi, Sarcopterygii, Dipnotetrapodomorpha, Tetrapoda, Amniota, Sauropsida, Sauria, Archelosauria, Archosauria, Dinosauria, Saurischia, Theropoda, Coelurosauria, Aves, Neognathae, Passeriformes, Passeroidea, Estrildidae, Estrildinae, Taeniopygia",,59729,1056254409,1052619621,440667168,41.5,SAMN02981239,41,,,,,,,,,,,,,,,,,,,,,,,,,,,,
60,Xenopus_tropicalis_UP000008143,no,Xenopus-tropicalis,https://ftp.uniprot.org/pub/databases/uniprot/current_release/knowledgebase/reference_proteomes/Eukaryota/UP000008143/UP000008143_8364.fasta.gz,no,yes,Xenopus-tropicalis,TRUE,uniprot-ref,,,UP000008143,GCF_000004195.4,curl 'https://ftp.uniprot.org/pub/databases/uniprot/current_release/knowledgebase/reference_proteomes/Eukaryota/UP000008143/UP000008143_8364.fasta.gz' --output Xenopus_tropicalis.faa.gz,,Opisthokonta,Metazoa,Vertebrata,Xenopus,tropicalis,Xenopus tropicalis (Western clawed frog) (Silurana tropicalis),8364,37716,"C:96.9%[S:47.7%,D:49.2%],F:0.5%,M:2.6%,n:5310",tetrapoda_odb10,eukaryota_odb10,Unknown,"Eukaryota, Opisthokonta, Metazoa, Eumetazoa, Bilateria, Deuterostomia, Chordata, Craniata, Vertebrata, Gnathostomata, Teleostomi, Euteleostomi, Sarcopterygii, Dipnotetrapodomorpha, Tetrapoda, Amphibia, Batrachia, Anura, Pipoidea, Pipidae, Xenopodinae, Xenopus, Silurana",,8364,1451283599,1448444368,589879284,40.5,SAMN13041969,10,,,2,https://doi.org/10.1016%2Fs0168-9525%2898%2901506-6,,,,,,,,,,,0,1,mixed,1,Muscle,Heterotroph,Vertebrata,Opisthokonts,Faktorova_et_al,2.51E+11,106,"Fisher_et_al_2013, Liao_et_al_2022, estimate",3,3
61,Amorphochlora_amoebiformis_HBEM00000000.1,no,Amorphochlora-amoebiformis,https://sra-download.ncbi.nlm.nih.gov/traces/wgs01/wgs_aux/HB/EM/HBEM01/HBEM01.1.fsa_aa.gz,no,no,Amorphochlora-amoebiformis,,tsa-prot,HBEM00000000.1,,,,curl 'https://sra-download.ncbi.nlm.nih.gov/traces/wgs01/wgs_aux/HB/EM/HBEM01/HBEM01.1.fsa_aa.gz' --output Amorphochlora_amoebiformis.faa.gz,,Rhizaria,Cercozoa,Chlorarachnea,Amorphochlora,amoebiformis,,,,,alveolata_odb10,eukaryota_odb10,,,,,,,,,,,,,,,,,,,,,,3.43E-07,https://www.sciencedirect.com/topics/agricultural-and-biological-sciences/hemiselmis,,0,1,marine,1,Mixed,Autotroph,,Rhizarians,Faktorova_et_al,1,1,,2,2
62,Porphyra_yezoensis_UP000030697,no,Porphyra-yezoensis,https://ftp.uniprot.org/pub/databases/uniprot/current_release/knowledgebase/reference_proteomes/Eukaryota/UP000030697/UP000030697_1237627.fasta.gz,no,yes,Porphyra-yezoensis,TRUE,uniprot-ref,,,UP000030697,GCA_000401715.2,curl 'https://ftp.uniprot.org/pub/databases/uniprot/current_release/knowledgebase/reference_proteomes/Eukaryota/UP000030697/UP000030697_1237627.fasta.gz' --output Porphyra_yezoensis.faa.gz,,Rhodophyta,Eurhodophytina,Bangiales,Porphyra,yezoensis,Plasmodium falciparum UGT5.1,1237627,5904,"C:82.3%[S:81.7%,D:0.6%],F:4.6%,M:13.0%,n:3642",plasmodium_odb10,eukaryota_odb10,Standard,"Eukaryota, Sar, Alveolata, Apicomplexa, Aconoidasida, Haemosporida, Plasmodiidae, Plasmodium, Plasmodium (Laverania), Plasmodium falciparum",,1237627,25583375,19227821,3848559,20,SAMN01737342,,,,2,https://doi.org/10.1007/978-1-4020-9619-8_63,,,,,,,,,,,0,1,marine,0,None,Autotroph,,Archaeplastids,Hedges_et_al,1,1,,2,2
63,Phaeodactylum_tricornutum_UP000000759,no,Phaeodactylum-tricornutum,https://ftp.uniprot.org/pub/databases/uniprot/current_release/knowledgebase/reference_proteomes/Eukaryota/UP000000759/UP000000759_556484.fasta.gz,no,yes,Phaeodactylum-tricornutum,TRUE,uniprot-ref,,,UP000000759,GCA_000150955.2,curl 'https://ftp.uniprot.org/pub/databases/uniprot/current_release/knowledgebase/reference_proteomes/Eukaryota/UP000000759/UP000000759_556484.fasta.gz' --output Phaeodactylum_tricornutum.faa.gz,,Stramenopiles,Ochrophyta,Diatomeae,Phaeodactylum,tricornutum,Phaeodactylum tricornutum (strain CCAP 1055/1),556484,10465,"C:97.0%[S:95.0%,D:2.0%],F:3.0%,M:0.0%,n:100",stramenopiles_odb10,eukaryota_odb10,Unknown,"Eukaryota, Sar, Stramenopiles, Ochrophyta, Bacillariophyta, Bacillariophyceae, Bacillariophycidae, Naviculales, Phaeodactylaceae, Phaeodactylum, Phaeodactylum tricornutum",,556484,27450724,27017695,13193990,48.5,SAMN02953727,33,mito+chlor,0,2,https://doi.org/10.7717%2Fpeerj.13607,25,https://doi.org/10.7717%2Fpeerj.13607,asexual,15 hours,https://doi.org/10.1104/pp.100.2.565,1-1.5 days to pop doubling,https://doi.org/10.1186/gb-2010-11-2-r17,2.34E-07,"https://www2.whoi.edu/site/repetagroup/specdrom/phytoplankton-cultures/phaeodactylum-tricornutum/#:~:text=a%20sequenced%20genome.-,P.,and%202%2D3%20um%20wide.",,0,1,marine,0,None,Heterotroph,,Stramenopiles,Faktorova_et_al,1,1,,2,2
64,Nannochloropsis_sp_UP000355283,no,Nannochloropsis-sp,https://ftp.uniprot.org/pub/databases/uniprot/current_release/knowledgebase/reference_proteomes/Eukaryota/UP000355283/UP000355283_1027361.fasta.gz,no,yes,Nannochloropsis-sp,TRUE,uniprot-ref,,,UP000355283,GCA_004565275.1,curl 'https://ftp.uniprot.org/pub/databases/uniprot/current_release/knowledgebase/reference_proteomes/Eukaryota/UP000355283/UP000355283_1027361.fasta.gz' --output Nannochloropsis_sp.faa.gz,,Stramenopiles,Ochrophyta,Eustigmatophyceae,Nannochloropsis,sp,Nannochloropsis salina CCMP1776,1027361,8911,"C:92.0%[S:90.0%,D:2.0%],F:4.0%,M:4.0%,n:100",stramenopiles_odb10,eukaryota_odb10,Unknown,"Eukaryota, Sar, Stramenopiles, Ochrophyta, Eustigmatophyceae, Eustigmatales, Monodopsidaceae, Microchloropsis, Microchloropsis salina",,1027361,27600439,27495906,15091412,54.5,SAMN10354914,,mito+chlor,,1,,,,asexual,,,,,1.25E-07,Wang_et_al_2914,,0,1,mixed_aquatic,0,None,Autotroph,,Stramenopiles,Faktorova_et_al,1,1,,2,2